<?xml version="1.0" encoding="UTF-8"?>
<beans xmlns="http://www.springframework.org/schema/beans"
	xmlns:xsi="http://www.w3.org/2001/XMLSchema-instance" xmlns:context="http://www.springframework.org/schema/context"
	xsi:schemaLocation="http://www.springframework.org/schema/beans
           http://www.springframework.org/schema/beans/spring-beans.xsd
           http://www.springframework.org/schema/context
           http://www.springframework.org/schema/context/spring-context.xsd">
 <bean autowire="byName" class="com.cg.model.Triangle" id="triangle"/>
  
<bean class="com.cg.model.Point" id="pointA">
  <property name="x" value="0"></property>
  <property name="y" value="0"></property>
</bean>
  
<bean class="com.cg.model.Point" id="pointB">
  <property name="x" value="-20"></property>
  <property name="y" value="0"></property>
</bean>
  
<bean class="com.cg.model.Point" id="pointC">
   <property name="x" value="20"></property>
   <property name="y" value="0"></property>
</bean>

</beans>