<?xml version="1.0" encoding="UTF-8"?>
<beans xmlns="http://www.springframework.org/schema/beans"
	xmlns:xsi="http://www.w3.org/2001/XMLSchema-instance" xmlns:context="http://www.springframework.org/schema/context"
	xsi:schemaLocation="http://www.springframework.org/schema/beans
           http://www.springframework.org/schema/beans/spring-beans.xsd
           http://www.springframework.org/schema/context
           http://www.springframework.org/schema/context/spring-context.xsd">

	<context:annotation-config />

	<bean id="employee" class="com.cg.model.Employee">
		<property name="employeeId" value="4325353"></property>
		<property name="employeeName" value="Navya Gadina"></property>
	</bean>

	<bean id="pancard" class="com.cg.model.PanCard">
		<property name="panHolderName" value="Navya Gadina"></property>
		<property name="panNo" value="HSHS665SS"></property>
	</bean>
	
</beans>