<?xml version="1.0" encoding="UTF-8"?>
<beans  xmlns="http://www.springframework.org/schema/beans"  
    xmlns:xsi="http://www.w3.org/2001/XMLSchema-instance"  
    xmlns:p="http://www.springframework.org/schema/p"  
    xsi:schemaLocation="http://www.springframework.org/schema/beans  
 http://www.springframework.org/schema/beans/spring-beans-3.0.xsd">  
  
<bean id="q1" class="com.cg.question2.QuestionList">  
<constructor-arg value="11" type="int"></constructor-arg>  
<constructor-arg value="What is java?"></constructor-arg>  
<constructor-arg>  
<list>  
<value>Java is a programming language</value>  
<value>Java is a Platform Independent</value> 
 <value>Java is a Platform Independent</value> 
<value>Java is an object oriented programming language</value>  
</list>  
</constructor-arg>  
</bean>  

<bean id="q2" class="com.cg.question2.Question1Set">  
<constructor-arg value="11" type="int"></constructor-arg>  
<constructor-arg value="What is java?"></constructor-arg> 
<constructor-arg>  
<set>  
<value>Java is fast</value>  
<value>Java is platform independent</value>  
<value>Java has high performance</value>
  
</set>  
</constructor-arg>  
</bean>  

<bean id="q" class="com.cg.question2.QuestionMap">  
<constructor-arg value="11"></constructor-arg>  
<constructor-arg value="What is Java?"></constructor-arg>  
<constructor-arg>  
<map>  
<entry key="1" value="Java is a Programming Language"  ></entry>  
<entry key="2" value="Java is a Platform" ></entry>  

</map>  
</constructor-arg>  
</bean> 
  
</beans>  